window,status,pnl,panic,up_entry,down_entry,combined,invested
0,HEDGED,0.3179143950182295,False,0.5524697657066685,0.28857303678421675,0.8410428024908853,1.6820856049817705
1,SKIPPED,0.0,False,0.0,0.0,0.0,0.0
2,HEDGED,0.6066449029112111,False,0.6351036893541795,0.061573859190214936,0.6966775485443945,1.393355097088789
3,HEDGED,0.2774902720062469,False,0.1703338795177319,0.6909209844791446,0.8612548639968766,1.7225097279937531
4,PANIC_EXIT,-0.23279233922747794,True,0.0,0.0,0.0,0.0
5,HEDGED,0.22732473327211,False,0.6312746165408905,0.2550630168230545,0.886337633363945,1.77267526672789
6,HEDGED,0.2852571816257936,False,0.6334129615888876,0.22395844759821554,0.8573714091871032,1.7147428183742064
7,HEDGED,0.44202063581268725,False,0.5417421750667993,0.237247507026857,0.7789896820936564,1.5579793641873128
8,PANIC_EXIT,0.0025210493945844736,True,0.0,0.0,0.0,0.0
9,HEDGED,0.3449437043283208,False,0.5783601418795438,0.2491680059562958,0.8275281478358396,1.6550562956716792
10,SKIPPED,0.0,False,0.0,0.0,0.0,0.0
11,SKIPPED,0.0,False,0.0,0.0,0.0,0.0
12,HEDGED,0.27500711827411917,False,0.221231172501391,0.6412652683615494,0.8624964408629404,1.7249928817258808
13,SKIPPED,0.0,False,0.0,0.0,0.0,0.0
14,SKIPPED,0.0,False,0.0,0.0,0.0,0.0
15,HEDGED,0.30522406118764334,False,0.61890677528464,0.2284811941215384,0.8473879694061783,1.6947759388123567
16,SKIPPED,0.0,False,0.0,0.0,0.0,0.0
17,HEDGED,0.29258444951580564,False,0.21336680847037331,0.6403409667717239,0.8537077752420972,1.7074155504841944
18,PANIC_EXIT,0.2908717451930394,True,0.0,0.0,0.0,0.0
19,SKIPPED,0.0,False,0.0,0.0,0.0,0.0
20,HEDGED,0.4139973269568369,False,0.06465926061325306,0.7283420759083284,0.7930013365215816,1.5860026730431631
21,PANIC_EXIT,-0.13910722797860897,True,0.0,0.0,0.0,0.0
22,PANIC_EXIT,0.2401059542184063,True,0.0,0.0,0.0,0.0
23,HEDGED,0.3050512357336521,False,0.09653109838046833,0.7509432837527056,0.8474743821331739,1.6949487642663479
24,HEDGED,0.583135736476752,False,0.26069575309809195,0.4477363786635321,0.708432131761624,1.416864263523248
25,PANIC_EXIT,-0.1003917693351995,True,0.0,0.0,0.0,0.0
26,SKIPPED,0.0,False,0.0,0.0,0.0,0.0
27,SKIPPED,0.0,False,0.0,0.0,0.0,0.0
28,HEDGED,0.25494344032471217,False,0.7393980501613289,0.1331302296763151,0.8725282798376439,1.7450565596752878
29,PANIC_EXIT,-0.20996714798976768,True,0.0,0.0,0.0,0.0
30,HEDGED,0.41338302909849456,False,0.23200534909669157,0.5613031363540611,0.7933084854507527,1.5866169709015054
31,SKIPPED,0.0,False,0.0,0.0,0.0,0.0
32,SKIPPED,0.0,False,0.0,0.0,0.0,0.0
33,PANIC_EXIT,-0.12375481409958333,True,0.0,0.0,0.0,0.0
34,HEDGED,0.3569549361997699,False,0.13719044162733343,0.6843320902727816,0.821522531900115,1.64304506380023
35,SKIPPED,0.0,False,0.0,0.0,0.0,0.0
36,PANIC_EXIT,0.12455899655417796,True,0.0,0.0,0.0,0.0
37,HEDGED,0.24396937671965624,False,0.6753229149092492,0.20269239673092265,0.8780153116401719,1.7560306232803438
38,SKIPPED,0.0,False,0.0,0.0,0.0,0.0
39,SKIPPED,0.0,False,0.0,0.0,0.0,0.0
40,SKIPPED,0.0,False,0.0,0.0,0.0,0.0
41,SKIPPED,0.0,False,0.0,0.0,0.0,0.0
42,SKIPPED,0.0,False,0.0,0.0,0.0,0.0
43,PANIC_EXIT,0.21574523074178242,True,0.0,0.0,0.0,0.0
44,HEDGED,0.42300159769608947,False,0.6387048863402406,0.1497943148117147,0.7884992011519553,1.5769984023039105
45,HEDGED,0.269979430565884,False,0.1694201508024006,0.6955901339146574,0.865010284717058,1.730020569434116
46,HEDGED,0.3494287873585442,False,0.24347483672657194,0.581810769594156,0.8252856063207279,1.6505712126414558
47,HEDGED,0.20452573113069183,False,0.1955554531574834,0.7021816812771706,0.8977371344346541,1.7954742688693082
48,SKIPPED,0.0,False,0.0,0.0,0.0,0.0
49,HEDGED,0.6364640024920007,False,0.4563605148940824,0.22540748385991724,0.6817679987539996,1.3635359975079993
50,PANIC_EXIT,-0.34291000342495226,True,0.0,0.0,0.0,0.0
51,SKIPPED,0.0,False,0.0,0.0,0.0,0.0
52,FORCE_HEDGED,0.2382594825201929,True,0.06184829852204045,0.8190219602178631,0.8808702587399035,1.761740517479807
53,PANIC_EXIT,-0.22705586298312244,True,0.0,0.0,0.0,0.0
54,HEDGED,0.3166979025464487,False,0.2599014515346946,0.581749597192081,0.8416510487267757,1.6833020974535513
55,HEDGED,0.3055555255022897,False,0.6149225388938229,0.23229969835503234,0.8472222372488551,1.6944444744977103
56,SKIPPED,0.0,False,0.0,0.0,0.0,0.0
57,SKIPPED,0.0,False,0.0,0.0,0.0,0.0
58,SKIPPED,0.0,False,0.0,0.0,0.0,0.0
59,SKIPPED,0.0,False,0.0,0.0,0.0,0.0
60,PANIC_EXIT,0.1981852032974597,True,0.0,0.0,0.0,0.0
61,HEDGED,0.31110689955809967,False,0.2930377606001967,0.5514087896207535,0.8444465502209502,1.6888931004419003
62,SKIPPED,0.0,False,0.0,0.0,0.0,0.0
63,PANIC_EXIT,0.14684887993502,True,0.0,0.0,0.0,0.0
64,SKIPPED,0.0,False,0.0,0.0,0.0,0.0
65,SKIPPED,0.0,False,0.0,0.0,0.0,0.0
66,HEDGED,0.5978594053789668,False,0.506733933089232,0.19433636422128464,0.7010702973105166,1.4021405946210332
67,PANIC_EXIT,-0.06201076433433467,True,0.0,0.0,0.0,0.0
68,HEDGED,0.207066610886099,False,0.6191689459887597,0.2772977485681908,0.8964666945569505,1.792933389113901
69,PANIC_EXIT,-0.11164357081628817,True,0.0,0.0,0.0,0.0
70,PANIC_EXIT,-0.16628928758201333,True,0.0,0.0,0.0,0.0
71,SKIPPED,0.0,False,0.0,0.0,0.0,0.0
72,PANIC_EXIT,-0.2400833905324424,True,0.0,0.0,0.0,0.0
73,HEDGED,0.20978795301241093,False,0.08001444043766223,0.8150915830561323,0.8951060234937945,1.790212046987589
74,HEDGED,0.3246875633105928,False,0.18582999934088607,0.6518262190038175,0.8376562183447036,1.6753124366894072
75,PANIC_EXIT,-0.06216137221083434,True,0.0,0.0,0.0,0.0
76,SKIPPED,0.0,False,0.0,0.0,0.0,0.0
77,HEDGED,0.33789084718188267,False,0.6299896263990379,0.2010649500100208,0.8310545764090587,1.6621091528181173
78,HEDGED,0.8122679537184552,False,0.37328605826684746,0.220579964873925,0.5938660231407724,1.1877320462815448
79,HEDGED,0.28432222981516997,False,0.21215456867603055,0.6456843164163845,0.857838885092415,1.71567777018483
80,SKIPPED,0.0,False,0.0,0.0,0.0,0.0
81,HEDGED,0.35031278966991475,False,0.6015300546671157,0.22331355049792692,0.8248436051650426,1.6496872103300853
82,PANIC_EXIT,0.20915967210824227,True,0.0,0.0,0.0,0.0
83,PANIC_EXIT,0.0526667140584412,True,0.0,0.0,0.0,0.0
84,SKIPPED,0.0,False,0.0,0.0,0.0,0.0
85,HEDGED,0.645063641859013,False,0.11542885875779635,0.5620393203126972,0.6774681790704935,1.354936358140987
86,HEDGED,0.3982489502385915,False,0.12060881832552187,0.6802667065551824,0.8008755248807042,1.6017510497614085
87,PANIC_EXIT,-0.06504665838219031,True,0.0,0.0,0.0,0.0
88,HEDGED,0.38705510517253416,False,0.5672960754518874,0.2391763719618455,0.8064724474137329,1.6129448948274658
89,SKIPPED,0.0,False,0.0,0.0,0.0,0.0
90,PANIC_EXIT,-0.16459533858733094,True,0.0,0.0,0.0,0.0
91,SKIPPED,0.0,False,0.0,0.0,0.0,0.0
92,SKIPPED,0.0,False,0.0,0.0,0.0,0.0
93,SKIPPED,0.0,False,0.0,0.0,0.0,0.0
94,HEDGED,0.34526586872400555,False,0.5458283542190756,0.2815387114189216,0.8273670656379972,1.6547341312759944
95,HEDGED,0.2757198085463797,False,0.681658701635527,0.1804813940912832,0.8621400957268102,1.7242801914536203
96,PANIC_EXIT,-0.1769178368728127,True,0.0,0.0,0.0,0.0
97,SKIPPED,0.0,False,0.0,0.0,0.0,0.0
98,HEDGED,0.2809763913564056,False,0.19603178840259802,0.6634800159191991,0.8595118043217972,1.7190236086435944
99,SKIPPED,0.0,False,0.0,0.0,0.0,0.0
100,HEDGED,0.46777653558797394,False,0.14322363922618733,0.6228880929798257,0.766111732206013,1.532223464412026
101,FORCE_HEDGED,0.31818411063052165,True,0.2480277450463766,0.5928801996383626,0.8409079446847392,1.6818158893694783
102,SKIPPED,0.0,False,0.0,0.0,0.0,0.0
103,PANIC_EXIT,-0.09262036825602349,True,0.0,0.0,0.0,0.0
104,SKIPPED,0.0,False,0.0,0.0,0.0,0.0
105,HEDGED,0.7352132054086695,False,0.4037773214468111,0.2286160758488541,0.6323933972956652,1.2647867945913305
106,SKIPPED,0.0,False,0.0,0.0,0.0,0.0
107,SKIPPED,0.0,False,0.0,0.0,0.0,0.0
108,HEDGED,0.2724226811565047,False,0.22018289304235528,0.6436057663793924,0.8637886594217477,1.7275773188434953
109,SKIPPED,0.0,False,0.0,0.0,0.0,0.0
110,HEDGED,0.3582659308612677,False,0.548965416587386,0.2719016179819802,0.8208670345693662,1.6417340691387323
111,SKIPPED,0.0,False,0.0,0.0,0.0,0.0
112,SKIPPED,0.0,False,0.0,0.0,0.0,0.0
113,HEDGED,0.2833706036511101,False,0.5717410265600565,0.2865736716143884,0.858314698174445,1.71662939634889
114,SKIPPED,0.0,False,0.0,0.0,0.0,0.0
115,SKIPPED,0.0,False,0.0,0.0,0.0,0.0
116,PANIC_EXIT,0.06651223008602558,True,0.0,0.0,0.0,0.0
117,SKIPPED,0.0,False,0.0,0.0,0.0,0.0
118,PANIC_EXIT,-0.0038485862313659136,True,0.0,0.0,0.0,0.0
119,PANIC_EXIT,-0.3027597696127765,True,0.0,0.0,0.0,0.0
120,SKIPPED,0.0,False,0.0,0.0,0.0,0.0
121,SKIPPED,0.0,False,0.0,0.0,0.0,0.0
122,HEDGED,0.4298964298649073,False,0.17190274537278746,0.6131490396947589,0.7850517850675464,1.5701035701350927
123,SKIPPED,0.0,False,0.0,0.0,0.0,0.0
124,SKIPPED,0.0,False,0.0,0.0,0.0,0.0
125,SKIPPED,0.0,False,0.0,0.0,0.0,0.0
126,PANIC_EXIT,-0.01654368914861204,True,0.0,0.0,0.0,0.0
127,HEDGED,0.24535947537085656,False,0.6920252383613881,0.18529502395318365,0.8773202623145717,1.7546405246291434
128,SKIPPED,0.0,False,0.0,0.0,0.0,0.0
129,SKIPPED,0.0,False,0.0,0.0,0.0,0.0
130,SKIPPED,0.0,False,0.0,0.0,0.0,0.0
131,HEDGED,0.37938947722268446,False,0.05245844132473247,0.7578468200639253,0.8103052613886578,1.6206105227773155
132,HEDGED,0.33268924629868724,False,0.6113348856989743,0.22232049115168206,0.8336553768506564,1.6673107537013128
133,HEDGED,0.21259728845222803,False,0.6151766180730351,0.2785247377008509,0.893701355773886,1.787402711547772
134,PANIC_EXIT,-0.15974168262355076,True,0.0,0.0,0.0,0.0
135,HEDGED,0.33635966385987226,False,0.26617096573746635,0.5656492023325975,0.8318201680700639,1.6636403361401277
136,SKIPPED,0.0,False,0.0,0.0,0.0,0.0
137,HEDGED,0.26918271219490597,False,0.6740916745608949,0.19131696934165215,0.865408643902547,1.730817287805094
138,HEDGED,0.6458009863975231,False,0.43515368719347586,0.24194581960776262,0.6770995068012384,1.3541990136024769
139,PANIC_EXIT,-0.17224284300069606,True,0.0,0.0,0.0,0.0
140,PANIC_EXIT,0.06249437167456362,True,0.0,0.0,0.0,0.0
141,HEDGED,0.35449282105169755,False,0.2493111245314776,0.5734424649426736,0.8227535894741512,1.6455071789483025
142,HEDGED,0.22285065717972863,False,0.21200276693796355,0.6765719044721721,0.8885746714101357,1.7771493428202714
143,PANIC_EXIT,-0.009226246430884433,True,0.0,0.0,0.0,0.0
144,SKIPPED,0.0,False,0.0,0.0,0.0,0.0
145,PANIC_EXIT,0.2032327477208561,True,0.0,0.0,0.0,0.0
146,HEDGED,0.2787839939826533,False,0.6217549956563636,0.2388530073523098,0.8606080030086734,1.7212160060173467
147,HEDGED,0.4006402142588099,False,0.5325849282911055,0.26709496457948956,0.799679892870595,1.59935978574119
148,PANIC_EXIT,0.07726690121816371,True,0.0,0.0,0.0,0.0
149,SKIPPED,0.0,False,0.0,0.0,0.0,0.0
150,SKIPPED,0.0,False,0.0,0.0,0.0,0.0
151,SKIPPED,0.0,False,0.0,0.0,0.0,0.0
152,SKIPPED,0.0,False,0.0,0.0,0.0,0.0
153,HEDGED,0.5165692418135714,False,0.27354658505849866,0.4681687940347157,0.7417153790932143,1.4834307581864286
154,SKIPPED,0.0,False,0.0,0.0,0.0,0.0
155,HEDGED,0.3153550993364791,False,0.16278707751742846,0.679535372814332,0.8423224503317605,1.684644900663521
156,PANIC_EXIT,-0.3969250159168922,True,0.0,0.0,0.0,0.0
157,SKIPPED,0.0,False,0.0,0.0,0.0,0.0
158,PANIC_EXIT,-0.5608061153630393,True,0.0,0.0,0.0,0.0
159,SKIPPED,0.0,False,0.0,0.0,0.0,0.0
160,HEDGED,0.38281955871468387,False,0.5497802361871071,0.2588099844555509,0.8085902206426581,1.6171804412853161
161,SKIPPED,0.0,False,0.0,0.0,0.0,0.0
162,SKIPPED,0.0,False,0.0,0.0,0.0,0.0
163,PANIC_EXIT,-0.12409263481756377,True,0.0,0.0,0.0,0.0
164,HEDGED,0.34367166297082363,False,0.5507484718737271,0.2774156966408611,0.8281641685145882,1.6563283370291764
165,HEDGED,0.3403712102364882,False,0.20894946280761986,0.6208649320741361,0.8298143948817559,1.6596287897635118
166,HEDGED,0.25668828830487245,False,0.6172930170870451,0.25436283876051863,0.8716558558475638,1.7433117116951276
167,HEDGED,0.2580261245953408,False,0.2628014464510729,0.6081854912512568,0.8709869377023296,1.7419738754046592
168,HEDGED,0.2596505958037083,False,0.6193688810195596,0.25080582107858634,0.8701747020981458,1.7403494041962917
169,PANIC_EXIT,0.14589127689834375,True,0.0,0.0,0.0,0.0
170,PANIC_EXIT,-0.29403461364409994,True,0.0,0.0,0.0,0.0
171,SKIPPED,0.0,False,0.0,0.0,0.0,0.0
172,PANIC_EXIT,0.197412842769782,True,0.0,0.0,0.0,0.0
173,HEDGED,0.2672235077250664,False,0.636626408575127,0.22976183756233975,0.8663882461374668,1.7327764922749336
174,PANIC_EXIT,0.06895069859259856,True,0.0,0.0,0.0,0.0
175,HEDGED,0.3167996845924508,False,0.605738287678028,0.2358618700257466,0.8416001577037746,1.6832003154075492
176,PANIC_EXIT,-0.2616131977099012,True,0.0,0.0,0.0,0.0
177,SKIPPED,0.0,False,0.0,0.0,0.0,0.0
178,SKIPPED,0.0,False,0.0,0.0,0.0,0.0
179,SKIPPED,0.0,False,0.0,0.0,0.0,0.0
180,PANIC_EXIT,0.01944708590430344,True,0.0,0.0,0.0,0.0
181,SKIPPED,0.0,False,0.0,0.0,0.0,0.0
182,HEDGED,0.2663428439920894,False,0.23911797103576357,0.6277106069681917,0.8668285780039553,1.7336571560079106
183,SKIPPED,0.0,False,0.0,0.0,0.0,0.0
184,HEDGED,0.4902795622383733,False,0.5225284528136094,0.23233176606720402,0.7548602188808133,1.5097204377616267
185,SKIPPED,0.0,False,0.0,0.0,0.0,0.0
186,SKIPPED,0.0,False,0.0,0.0,0.0,0.0
187,HEDGED,0.38653321739273405,False,0.26154042561059615,0.5451929656930369,0.806733391303633,1.613466782607266
188,SKIPPED,0.0,False,0.0,0.0,0.0,0.0
189,HEDGED,0.2624673490198979,False,0.25801379329137547,0.6107525321986756,0.8687663254900511,1.7375326509801021
190,HEDGED,0.291846477382685,False,0.20232578829125109,0.6517509730174065,0.8540767613086575,1.708153522617315
191,PANIC_EXIT,-0.3080649548614401,True,0.0,0.0,0.0,0.0
192,SKIPPED,0.0,False,0.0,0.0,0.0,0.0
193,HEDGED,0.2598625020673051,False,0.2764486119809719,0.5936201369853755,0.8700687489663474,1.740137497932695
194,PANIC_EXIT,-0.2624307996794749,True,0.0,0.0,0.0,0.0
195,HEDGED,0.21352469083029701,False,0.7721698577094346,0.12106779687541694,0.8932376545848515,1.786475309169703
196,HEDGED,0.40891168660727906,False,0.6769286027533191,0.11861555394304137,0.7955441566963605,1.591088313392721
197,HEDGED,0.22548011164390247,False,0.6593814274532815,0.22787851672476725,0.8872599441780488,1.7745198883560975
198,SKIPPED,0.0,False,0.0,0.0,0.0,0.0
199,HEDGED,0.3239954157440075,False,0.6208120346201164,0.21719025750787987,0.8380022921279963,1.6760045842559925
200,SKIPPED,0.0,False,0.0,0.0,0.0,0.0
201,HEDGED,0.3700323506713279,False,0.10584295788132367,0.7091408667830124,0.814983824664336,1.629967649328672
202,HEDGED,0.23824604087517787,False,0.2634409457406781,0.617436033821733,0.8808769795624111,1.7617539591248221
203,SKIPPED,0.0,False,0.0,0.0,0.0,0.0
204,HEDGED,0.2557343525030944,False,0.25548336726127907,0.6166494564871737,0.8721328237484528,1.7442656474969056
205,HEDGED,0.3080891244432069,False,0.21514400244297702,0.6308114353354195,0.8459554377783965,1.691910875556793
206,HEDGED,0.3131341083981902,False,0.10556168897055168,0.7378712568303532,0.8434329458009049,1.6868658916018098
207,HEDGED,0.22961893543563106,False,0.21259690152916952,0.6725936307530149,0.8851905322821845,1.770381064564369
208,PANIC_EXIT,-0.19940547821921217,True,0.0,0.0,0.0,0.0
209,SKIPPED,0.0,False,0.0,0.0,0.0,0.0
210,SKIPPED,0.0,False,0.0,0.0,0.0,0.0
211,HEDGED,0.3501709182855126,False,0.5740759448554413,0.25083859600180236,0.8249145408572437,1.6498290817144874
212,SKIPPED,0.0,False,0.0,0.0,0.0,0.0
213,HEDGED,0.20685414336145858,False,0.2838174889722572,0.6127554393470135,0.8965729283192707,1.7931458566385414
214,SKIPPED,0.0,False,0.0,0.0,0.0,0.0
215,HEDGED,0.2873684086803272,False,0.5991272719527441,0.2571885237070924,0.8563157956598364,1.7126315913196728
216,FORCE_HEDGED,0.23087597592782583,True,0.2899504071766629,0.5946116048594241,0.8845620120360871,1.7691240240721742
217,SKIPPED,0.0,False,0.0,0.0,0.0,0.0
218,SKIPPED,0.0,False,0.0,0.0,0.0,0.0
219,PANIC_EXIT,-0.34592460303691686,True,0.0,0.0,0.0,0.0
220,SKIPPED,0.0,False,0.0,0.0,0.0,0.0
221,SKIPPED,0.0,False,0.0,0.0,0.0,0.0
222,HEDGED,0.33471016585319635,False,0.5956873607889713,0.23695755628443044,0.8326449170734018,1.6652898341468036
223,HEDGED,0.30735792506381854,False,0.6375286299411215,0.20879240752696931,0.8463210374680907,1.6926420749361815
224,SKIPPED,0.0,False,0.0,0.0,0.0,0.0
225,PANIC_EXIT,-0.294371366720646,True,0.0,0.0,0.0,0.0
226,HEDGED,0.35463738412486756,False,0.10375137460913557,0.7189299333284307,0.8226813079375662,1.6453626158751324
227,SKIPPED,0.0,False,0.0,0.0,0.0,0.0
228,HEDGED,0.33178708290987613,False,0.21581124636113497,0.618295212183927,0.8341064585450619,1.6682129170901239
229,HEDGED,0.24735924073162185,False,0.6671113350488589,0.20920904458533018,0.8763203796341891,1.7526407592683781
230,SKIPPED,0.0,False,0.0,0.0,0.0,0.0
231,PANIC_EXIT,-0.3485032499067108,True,0.0,0.0,0.0,0.0
232,SKIPPED,0.0,False,0.0,0.0,0.0,0.0
233,SKIPPED,0.0,False,0.0,0.0,0.0,0.0
234,SKIPPED,0.0,False,0.0,0.0,0.0,0.0
235,SKIPPED,0.0,False,0.0,0.0,0.0,0.0
236,SKIPPED,0.0,False,0.0,0.0,0.0,0.0
237,SKIPPED,0.0,False,0.0,0.0,0.0,0.0
238,HEDGED,0.3637645732279642,False,0.12351565013342898,0.6946020632525889,0.8181177133860179,1.6362354267720358
239,PANIC_EXIT,0.05723079913904572,True,0.0,0.0,0.0,0.0
240,HEDGED,0.24183611935060978,False,0.17328435166792425,0.7057975886567709,0.8790819403246951,1.7581638806493902
241,HEDGED,0.36280427964064144,False,0.07438805289748032,0.744209807282199,0.8185978601796793,1.6371957203593586
242,PANIC_EXIT,0.19023478394995486,True,0.0,0.0,0.0,0.0
243,SKIPPED,0.0,False,0.0,0.0,0.0,0.0
244,SKIPPED,0.0,False,0.0,0.0,0.0,0.0
245,HEDGED,0.42713772820157114,False,0.23529619430312684,0.5511349415960876,0.7864311358992144,1.5728622717984289
246,SKIPPED,0.0,False,0.0,0.0,0.0,0.0
247,HEDGED,0.6808422738253022,False,0.4856821835513383,0.17389667953601057,0.6595788630873489,1.3191577261746978
248,HEDGED,0.37387484346110744,False,0.2277402993533708,0.5853222789160755,0.8130625782694463,1.6261251565388926
249,HEDGED,0.33269870217146535,False,0.5790397416344326,0.2546109072798347,0.8336506489142673,1.6673012978285346
250,SKIPPED,0.0,False,0.0,0.0,0.0,0.0
251,SKIPPED,0.0,False,0.0,0.0,0.0,0.0
252,SKIPPED,0.0,False,0.0,0.0,0.0,0.0
253,HEDGED,0.25272601989324395,False,0.7638601581847485,0.10977683186862953,0.873636990053378,1.747273980106756
254,PANIC_EXIT,-0.019783776823213695,True,0.0,0.0,0.0,0.0
255,SKIPPED,0.0,False,0.0,0.0,0.0,0.0
256,SKIPPED,0.0,False,0.0,0.0,0.0,0.0
257,HEDGED,0.27609252180446764,False,0.6718099601830144,0.19014377891475176,0.8619537390977662,1.7239074781955324
258,PANIC_EXIT,-0.3196616076112947,True,0.0,0.0,0.0,0.0
259,HEDGED,0.3065676095462675,False,0.6082555005402732,0.23846069468659303,0.8467161952268663,1.6934323904537325
260,SKIPPED,0.0,False,0.0,0.0,0.0,0.0
261,SKIPPED,0.0,False,0.0,0.0,0.0,0.0
262,SKIPPED,0.0,False,0.0,0.0,0.0,0.0
263,HEDGED,0.4920231060723843,False,0.25827612644071085,0.49571232052309694,0.7539884469638078,1.5079768939276157
264,HEDGED,0.21492111552433846,False,0.6475888260682028,0.244950616169628,0.8925394422378308,1.7850788844756615
265,SKIPPED,0.0,False,0.0,0.0,0.0,0.0
266,SKIPPED,0.0,False,0.0,0.0,0.0,0.0
267,HEDGED,0.20693977532064078,False,0.6601578622448908,0.2363722500947888,0.8965301123396796,1.7930602246793592
268,SKIPPED,0.0,False,0.0,0.0,0.0,0.0
269,HEDGED,0.33740745891782664,False,0.21605258412373687,0.6152436864173498,0.8312962705410867,1.6625925410821734
270,PANIC_EXIT,0.023609500610029255,True,0.0,0.0,0.0,0.0
271,SKIPPED,0.0,False,0.0,0.0,0.0,0.0
272,SKIPPED,0.0,False,0.0,0.0,0.0,0.0
273,HEDGED,0.29314461180798745,False,0.2750044732862664,0.5784232208097398,0.8534276940960063,1.7068553881920125
274,SKIPPED,0.0,False,0.0,0.0,0.0,0.0
275,HEDGED,0.2214799204999316,False,0.27193758387651934,0.6173224558735149,0.8892600397500342,1.7785200795000684
276,SKIPPED,0.0,False,0.0,0.0,0.0,0.0
277,SKIPPED,0.0,False,0.0,0.0,0.0,0.0
278,SKIPPED,0.0,False,0.0,0.0,0.0,0.0
279,HEDGED,0.28543008829768857,False,0.27625822551046286,0.5810267303406929,0.8572849558511557,1.7145699117023114
280,SKIPPED,0.0,False,0.0,0.0,0.0,0.0
281,HEDGED,0.31739699922657283,False,0.20250089031710317,0.6388006100696104,0.8413015003867136,1.6826030007734272
282,SKIPPED,0.0,False,0.0,0.0,0.0,0.0
283,SKIPPED,0.0,False,0.0,0.0,0.0,0.0
284,PANIC_EXIT,-0.33425856227871076,True,0.0,0.0,0.0,0.0
285,SKIPPED,0.0,False,0.0,0.0,0.0,0.0
286,SKIPPED,0.0,False,0.0,0.0,0.0,0.0
287,SKIPPED,0.0,False,0.0,0.0,0.0,0.0
288,PANIC_EXIT,0.19390858061976002,True,0.0,0.0,0.0,0.0
289,PANIC_EXIT,-0.2009079938347219,True,0.0,0.0,0.0,0.0
290,PANIC_EXIT,0.0210301695196774,True,0.0,0.0,0.0,0.0
291,PANIC_EXIT,0.17579789499652482,True,0.0,0.0,0.0,0.0
292,PANIC_EXIT,-0.2521639588443271,True,0.0,0.0,0.0,0.0
293,SKIPPED,0.0,False,0.0,0.0,0.0,0.0
294,PANIC_EXIT,0.10016723902574454,True,0.0,0.0,0.0,0.0
295,SKIPPED,0.0,False,0.0,0.0,0.0,0.0
296,HEDGED,0.20811567096576677,False,0.651900053507499,0.24404211100961756,0.8959421645171166,1.7918843290342332
297,SKIPPED,0.0,False,0.0,0.0,0.0,0.0
298,PANIC_EXIT,0.12326403954855358,True,0.0,0.0,0.0,0.0
299,SKIPPED,0.0,False,0.0,0.0,0.0,0.0
300,SKIPPED,0.0,False,0.0,0.0,0.0,0.0
301,PANIC_EXIT,-0.13551184454295911,True,0.0,0.0,0.0,0.0
302,SKIPPED,0.0,False,0.0,0.0,0.0,0.0
303,HEDGED,0.237826450735396,False,0.12568276991640526,0.7554040047158967,0.881086774632302,1.762173549264604
304,SKIPPED,0.0,False,0.0,0.0,0.0,0.0
305,SKIPPED,0.0,False,0.0,0.0,0.0,0.0
306,SKIPPED,0.0,False,0.0,0.0,0.0,0.0
307,SKIPPED,0.0,False,0.0,0.0,0.0,0.0
308,HEDGED,0.3254759150423434,False,0.7206590465317468,0.11660299594708143,0.8372620424788283,1.6745240849576566
309,SKIPPED,0.0,False,0.0,0.0,0.0,0.0
310,PANIC_EXIT,-0.1675999203586958,True,0.0,0.0,0.0,0.0
311,HEDGED,0.3408628578326087,False,0.6678846979199193,0.1616838731637763,0.8295685710836956,1.6591371421673913
312,SKIPPED,0.0,False,0.0,0.0,0.0,0.0
313,PANIC_EXIT,0.1435194440146189,True,0.0,0.0,0.0,0.0
314,SKIPPED,0.0,False,0.0,0.0,0.0,0.0
315,HEDGED,0.27712039099228103,False,0.25791644853550943,0.60352335596835,0.8614398045038595,1.722879609007719
316,PANIC_EXIT,-0.24114293405573972,True,0.0,0.0,0.0,0.0
317,SKIPPED,0.0,False,0.0,0.0,0.0,0.0
318,SKIPPED,0.0,False,0.0,0.0,0.0,0.0
319,SKIPPED,0.0,False,0.0,0.0,0.0,0.0
320,SKIPPED,0.0,False,0.0,0.0,0.0,0.0
321,HEDGED,0.33665535480882847,False,0.1648821250034644,0.6667901975921213,0.8316723225955858,1.6633446451911715
322,SKIPPED,0.0,False,0.0,0.0,0.0,0.0
323,SKIPPED,0.0,False,0.0,0.0,0.0,0.0
324,HEDGED,0.2579435132917065,False,0.2058039651500963,0.6652242782040505,0.8710282433541467,1.7420564867082935
325,SKIPPED,0.0,False,0.0,0.0,0.0,0.0
326,PANIC_EXIT,-0.284960421946882,True,0.0,0.0,0.0,0.0
327,HEDGED,0.31848045566751804,False,0.5947841628434958,0.2459756093227452,0.840759772166241,1.681519544332482
328,SKIPPED,0.0,False,0.0,0.0,0.0,0.0
329,HEDGED,0.4077222444399249,False,0.2059285603930962,0.5902103173869413,0.7961388777800376,1.5922777555600751
330,HEDGED,0.3877621144094232,False,0.5799824512183391,0.2261364915769492,0.8061189427952884,1.6122378855905768
331,PANIC_EXIT,-0.28524426941269454,True,0.0,0.0,0.0,0.0
332,PANIC_EXIT,-0.3284604196079771,True,0.0,0.0,0.0,0.0
333,HEDGED,0.2714814726036865,False,0.6264038126608938,0.23785545103726294,0.8642592636981568,1.7285185273963135
334,PANIC_EXIT,-0.041466416565675235,True,0.0,0.0,0.0,0.0
335,SKIPPED,0.0,False,0.0,0.0,0.0,0.0
336,SKIPPED,0.0,False,0.0,0.0,0.0,0.0
337,HEDGED,0.31024901787274506,False,0.608756274360504,0.23611921670312355,0.8448754910636275,1.689750982127255
338,HEDGED,0.2691840434482793,False,0.6514448635715882,0.21396311470427223,0.8654079782758604,1.7308159565517207
339,PANIC_EXIT,-0.20090259649587602,True,0.0,0.0,0.0,0.0
340,HEDGED,0.25915737882159795,False,0.6232171342073668,0.24720417638183423,0.870421310589201,1.740842621178402
341,SKIPPED,0.0,False,0.0,0.0,0.0,0.0
342,PANIC_EXIT,0.26804381832621094,True,0.0,0.0,0.0,0.0
343,SKIPPED,0.0,False,0.0,0.0,0.0,0.0
344,SKIPPED,0.0,False,0.0,0.0,0.0,0.0
345,PANIC_EXIT,-0.20896834500285424,True,0.0,0.0,0.0,0.0
346,SKIPPED,0.0,False,0.0,0.0,0.0,0.0
347,HEDGED,0.3705437763113202,False,0.2298205011303647,0.5849076107139752,0.8147281118443399,1.6294562236886798
348,HEDGED,0.25734139735612205,False,0.2680260285709148,0.6033032727510242,0.871329301321939,1.742658602643878
349,HEDGED,0.4314049110622342,False,0.5328655348392027,0.25143200962968015,0.7842975444688829,1.5685950889377658
350,PANIC_EXIT,-0.07973108968979076,True,0.0,0.0,0.0,0.0
351,HEDGED,0.2771716175827259,False,0.28075032133301636,0.5806638698756207,0.861414191208637,1.722828382417274
352,HEDGED,0.4728461469488847,False,0.21462464029369915,0.5489522862318584,0.7635769265255576,1.5271538530511153
353,SKIPPED,0.0,False,0.0,0.0,0.0,0.0
354,SKIPPED,0.0,False,0.0,0.0,0.0,0.0
355,HEDGED,0.40249048020303135,False,0.6333375889233773,0.16541717097510694,0.7987547598984843,1.5975095197969686
356,PANIC_EXIT,-0.45457847733102136,True,0.0,0.0,0.0,0.0
357,PANIC_EXIT,0.03369313243024047,True,0.0,0.0,0.0,0.0
358,SKIPPED,0.0,False,0.0,0.0,0.0,0.0
359,SKIPPED,0.0,False,0.0,0.0,0.0,0.0
360,SKIPPED,0.0,False,0.0,0.0,0.0,0.0
361,HEDGED,0.27601286972600825,False,0.6648317578944609,0.1971618072425349,0.8619935651369959,1.7239871302739918
362,HEDGED,0.32496136332382797,False,0.5524883398453603,0.28503097849272574,0.837519318338086,1.675038636676172
363,HEDGED,0.2503600227661271,False,0.6726103205426566,0.20220966807427984,0.8748199886169364,1.7496399772338729
364,HEDGED,0.4149898111662258,False,0.18767333534045652,0.6048317590764306,0.7925050944168871,1.5850101888337742
365,HEDGED,0.25128770248065635,False,0.6662613357444909,0.208094813015181,0.8743561487596718,1.7487122975193437
366,HEDGED,0.39126751529128323,False,0.2182500719384124,0.586116170415946,0.8043662423543584,1.6087324847087168
367,PANIC_EXIT,-0.00556569938195417,True,0.0,0.0,0.0,0.0
368,HEDGED,0.22810761914293676,False,0.27512739741892656,0.6108187930096051,0.8859461904285316,1.7718923808570632
369,SKIPPED,0.0,False,0.0,0.0,0.0,0.0
370,PANIC_EXIT,-0.39035372976346056,True,0.0,0.0,0.0,0.0
371,HEDGED,0.26847154825078556,False,0.24277717973720164,0.6229870461374056,0.8657642258746072,1.7315284517492144
372,PANIC_EXIT,0.21159466954346107,True,0.0,0.0,0.0,0.0
373,SKIPPED,0.0,False,0.0,0.0,0.0,0.0
374,HEDGED,0.2900776367183511,False,0.7191531092980191,0.13580807234280537,0.8549611816408245,1.709922363281649
375,HEDGED,0.5368353494671374,False,0.22274664276122552,0.5088356825052057,0.7315823252664313,1.4631646505328626
376,SKIPPED,0.0,False,0.0,0.0,0.0,0.0
377,SKIPPED,0.0,False,0.0,0.0,0.0,0.0
378,SKIPPED,0.0,False,0.0,0.0,0.0,0.0
379,SKIPPED,0.0,False,0.0,0.0,0.0,0.0
380,HEDGED,0.3258569058230938,False,0.24145468684182697,0.5956168602466261,0.8370715470884531,1.6741430941769062
381,HEDGED,0.2875646226463837,False,0.6017205785189721,0.25449711015783605,0.8562176886768081,1.7124353773536163
382,SKIPPED,0.0,False,0.0,0.0,0.0,0.0
383,SKIPPED,0.0,False,0.0,0.0,0.0,0.0
384,SKIPPED,0.0,False,0.0,0.0,0.0,0.0
385,SKIPPED,0.0,False,0.0,0.0,0.0,0.0
386,HEDGED,0.36806448097639577,False,0.18655821629622224,0.6294095432155798,0.8159677595118021,1.6319355190236042
387,SKIPPED,0.0,False,0.0,0.0,0.0,0.0
388,PANIC_EXIT,-0.4976452635286197,True,0.0,0.0,0.0,0.0
389,HEDGED,0.3145664078420527,False,0.2769770788009837,0.56573971727799,0.8427167960789737,1.6854335921579473
390,PANIC_EXIT,-0.001131324219873886,True,0.0,0.0,0.0,0.0
391,HEDGED,0.26931266520217756,False,0.18791496682348013,0.6774287005754311,0.8653436673989112,1.7306873347978224
392,HEDGED,0.24623110568930207,False,0.6502985275382284,0.22658591961712055,0.876884447155349,1.753768894310698
393,SKIPPED,0.0,False,0.0,0.0,0.0,0.0
394,HEDGED,0.21654629168673778,False,0.19960975211875487,0.6921171020378762,0.8917268541566311,1.7834537083132622
395,PANIC_EXIT,-0.3057256492336976,True,0.0,0.0,0.0,0.0
396,HEDGED,0.4039798674983661,False,0.6940198304392847,0.10399023581153216,0.7980100662508169,1.5960201325016339
397,HEDGED,0.37071047831215465,False,0.6835777856508145,0.13106697519310812,0.8146447608439227,1.6292895216878454
398,SKIPPED,0.0,False,0.0,0.0,0.0,0.0
399,SKIPPED,0.0,False,0.0,0.0,0.0,0.0
400,HEDGED,0.27876677372250636,False,0.1617974684683301,0.6988191446704167,0.8606166131387468,1.7212332262774936
401,HEDGED,0.36550882707115173,False,0.5704750063875904,0.24677058007683367,0.8172455864644241,1.6344911729288483
402,SKIPPED,0.0,False,0.0,0.0,0.0,0.0
403,HEDGED,0.2414173870122991,False,0.6466413374475297,0.23264996904632074,0.8792913064938505,1.758582612987701
404,SKIPPED,0.0,False,0.0,0.0,0.0,0.0
405,HEDGED,0.3992708062518793,False,0.2629775784281575,0.5373870184459029,0.8003645968740604,1.6007291937481207
406,HEDGED,0.4588450347971915,False,0.5010474635382949,0.26953001906310936,0.7705774826014042,1.5411549652028085
407,SKIPPED,0.0,False,0.0,0.0,0.0,0.0
408,SKIPPED,0.0,False,0.0,0.0,0.0,0.0
409,SKIPPED,0.0,False,0.0,0.0,0.0,0.0
410,PANIC_EXIT,0.18015083030429124,True,0.0,0.0,0.0,0.0
411,SKIPPED,0.0,False,0.0,0.0,0.0,0.0
412,SKIPPED,0.0,False,0.0,0.0,0.0,0.0
413,SKIPPED,0.0,False,0.0,0.0,0.0,0.0
414,SKIPPED,0.0,False,0.0,0.0,0.0,0.0
415,HEDGED,0.43583340182650865,False,0.2529592572393033,0.5291240418474424,0.7820832990867457,1.5641665981734914
416,HEDGED,0.23963723238447265,False,0.1836083429842682,0.6965730408234955,0.8801813838077637,1.7603627676155273
417,HEDGED,0.7108683917512064,False,0.4210007189843798,0.223565085140017,0.6445658041243968,1.2891316082487936
418,SKIPPED,0.0,False,0.0,0.0,0.0,0.0
419,HEDGED,0.5034863303220454,False,0.6372039886751742,0.11105284616380307,0.7482568348389773,1.4965136696779546
420,HEDGED,0.36188465165651773,False,0.22147593547904498,0.5975817386926962,0.8190576741717411,1.6381153483434823
421,SKIPPED,0.0,False,0.0,0.0,0.0,0.0
422,SKIPPED,0.0,False,0.0,0.0,0.0,0.0
423,SKIPPED,0.0,False,0.0,0.0,0.0,0.0
424,SKIPPED,0.0,False,0.0,0.0,0.0,0.0
425,SKIPPED,0.0,False,0.0,0.0,0.0,0.0
426,SKIPPED,0.0,False,0.0,0.0,0.0,0.0
427,SKIPPED,0.0,False,0.0,0.0,0.0,0.0
428,HEDGED,0.4992968107111646,False,0.23263858154659164,0.517713013097826,0.7503515946444177,1.5007031892888354
429,HEDGED,0.45493259493561666,False,0.23518233872684197,0.5373513638053498,0.7725337025321917,1.5450674050643833
430,SKIPPED,0.0,False,0.0,0.0,0.0,0.0
431,SKIPPED,0.0,False,0.0,0.0,0.0,0.0
432,HEDGED,0.29022393658443013,False,0.7597662381544786,0.09512179355330633,0.8548880317077849,1.7097760634155699
433,HEDGED,0.37462634045016174,False,0.2383336432041349,0.5743531865707843,0.8126868297749191,1.6253736595498383
434,HEDGED,0.4397636663430933,False,0.5292022029947687,0.25091596383368464,0.7801181668284534,1.5602363336569067
435,HEDGED,0.2800741504515054,False,0.24174738017321806,0.6182155446010292,0.8599629247742473,1.7199258495484946
436,HEDGED,0.24618359294604497,False,0.27955210850922557,0.5973560950177519,0.8769082035269775,1.753816407053955
437,SKIPPED,0.0,False,0.0,0.0,0.0,0.0
438,SKIPPED,0.0,False,0.0,0.0,0.0,0.0
439,SKIPPED,0.0,False,0.0,0.0,0.0,0.0
440,SKIPPED,0.0,False,0.0,0.0,0.0,0.0
441,PANIC_EXIT,0.07119443414344542,True,0.0,0.0,0.0,0.0
442,SKIPPED,0.0,False,0.0,0.0,0.0,0.0
443,PANIC_EXIT,-0.052605144450456776,True,0.0,0.0,0.0,0.0
444,PANIC_EXIT,-0.3679565761833841,True,0.0,0.0,0.0,0.0
445,SKIPPED,0.0,False,0.0,0.0,0.0,0.0
446,HEDGED,0.2513753060768955,False,0.14385498105082883,0.7304573659107234,0.8743123469615522,1.7486246939231045
447,HEDGED,0.2563942670364314,False,0.6570560799944566,0.21474678648732773,0.8718028664817843,1.7436057329635686
448,PANIC_EXIT,-0.046047167825808824,True,0.0,0.0,0.0,0.0
449,PANIC_EXIT,0.10820376029523504,True,0.0,0.0,0.0,0.0
450,SKIPPED,0.0,False,0.0,0.0,0.0,0.0
451,HEDGED,0.29264499944815436,False,0.14264878986138296,0.7110287104145399,0.8536775002759228,1.7073550005518456
452,PANIC_EXIT,-0.09770401001597401,True,0.0,0.0,0.0,0.0
453,HEDGED,0.42035573892391276,False,0.5818820116085882,0.20794011892945544,0.7898221305380436,1.5796442610760872
454,HEDGED,0.29887099058837374,False,0.11344372349892881,0.7371207812068843,0.8505645047058131,1.7011290094116263
455,SKIPPED,0.0,False,0.0,0.0,0.0,0.0
456,HEDGED,0.5524933170161539,False,0.23165054337420207,0.49210279811772095,0.723753341491923,1.447506682983846
457,SKIPPED,0.0,False,0.0,0.0,0.0,0.0
458,PANIC_EXIT,-0.44677355940023644,True,0.0,0.0,0.0,0.0
459,HEDGED,0.4557343044205968,False,0.5180219464171327,0.2541109013725688,0.7721328477897016,1.5442656955794032
460,PANIC_EXIT,-0.2744691709874837,True,0.0,0.0,0.0,0.0
461,SKIPPED,0.0,False,0.0,0.0,0.0,0.0
462,SKIPPED,0.0,False,0.0,0.0,0.0,0.0
463,HEDGED,0.27859208129911295,False,0.6150471884212907,0.24565677092915283,0.8607039593504435,1.721407918700887
464,HEDGED,0.35746727210222384,False,0.2026088044594506,0.6186575594894375,0.8212663639488881,1.6425327278977762
465,SKIPPED,0.0,False,0.0,0.0,0.0,0.0
466,SKIPPED,0.0,False,0.0,0.0,0.0,0.0
467,PANIC_EXIT,-0.34973936307528897,True,0.0,0.0,0.0,0.0
468,SKIPPED,0.0,False,0.0,0.0,0.0,0.0
469,HEDGED,0.3423633859246271,False,0.6154074083040794,0.21341089873360708,0.8288183070376864,1.6576366140753729
470,PANIC_EXIT,-0.30643832603965754,True,0.0,0.0,0.0,0.0
471,SKIPPED,0.0,False,0.0,0.0,0.0,0.0
472,SKIPPED,0.0,False,0.0,0.0,0.0,0.0
473,PANIC_EXIT,0.011576615671751389,True,0.0,0.0,0.0,0.0
474,HEDGED,0.3493568252407031,False,0.6032541130516874,0.22206747432796098,0.8253215873796484,1.650643174759297
475,HEDGED,0.3344556299414527,False,0.6118801899653239,0.22089199506394977,0.8327721850292736,1.6655443700585473
476,HEDGED,0.5019631670157467,False,0.27804415221573164,0.470974264276395,0.7490184164921266,1.4980368329842533
477,SKIPPED,0.0,False,0.0,0.0,0.0,0.0
478,PANIC_EXIT,-0.340839491363613,True,0.0,0.0,0.0,0.0
479,SKIPPED,0.0,False,0.0,0.0,0.0,0.0
480,HEDGED,0.3736647511983393,False,0.5330926734351705,0.2800749509656598,0.8131676244008303,1.6263352488016607
481,HEDGED,0.7838782869171661,False,0.22145063949480107,0.3866102170466159,0.608060856541417,1.216121713082834
482,SKIPPED,0.0,False,0.0,0.0,0.0,0.0
483,HEDGED,0.4439894723187381,False,0.5106717528768828,0.26733351096374813,0.778005263840631,1.556010527681262
484,SKIPPED,0.0,False,0.0,0.0,0.0,0.0
485,PANIC_EXIT,-0.08547180088114326,True,0.0,0.0,0.0,0.0
486,HEDGED,0.2209661698489085,False,0.22126524564135122,0.6682516694341946,0.8895169150755458,1.7790338301510915
487,SKIPPED,0.0,False,0.0,0.0,0.0,0.0
488,PANIC_EXIT,-0.2354393937645271,True,0.0,0.0,0.0,0.0
489,SKIPPED,0.0,False,0.0,0.0,0.0,0.0
490,HEDGED,0.42681087609064106,False,0.4983714273115161,0.2882231346431633,0.7865945619546795,1.573189123909359
491,SKIPPED,0.0,False,0.0,0.0,0.0,0.0
492,SKIPPED,0.0,False,0.0,0.0,0.0,0.0
493,PANIC_EXIT,0.23384547409876866,True,0.0,0.0,0.0,0.0
494,HEDGED,0.25165675543279487,False,0.6584098311097812,0.2157617911738213,0.8741716222836026,1.7483432445672051
495,PANIC_EXIT,0.14809914088926845,True,0.0,0.0,0.0,0.0
496,PANIC_EXIT,-0.06025896245750467,True,0.0,0.0,0.0,0.0
497,HEDGED,0.4921349302487039,False,0.637149293925433,0.11678324095021508,0.753932534875648,1.507865069751296
498,HEDGED,0.2724473300091459,False,0.6790272611968196,0.18474907379860753,0.863776334995427,1.727552669990854
499,SKIPPED,0.0,False,0.0,0.0,0.0,0.0
500,HEDGED,0.3124223563759909,False,0.1388901451134996,0.7048986766985049,0.8437888218120045,1.687577643624009
501,HEDGED,0.615269449887446,False,0.4962195530356439,0.19614572202063302,0.692365275056277,1.384730550112554
502,HEDGED,0.3934651957852322,False,0.2319607367536033,0.5713066653537806,0.8032674021073839,1.6065348042147678
503,SKIPPED,0.0,False,0.0,0.0,0.0,0.0
504,HEDGED,0.6561176501321244,False,0.5171294462213496,0.15481172871258822,0.6719411749339378,1.3438823498678756
505,SKIPPED,0.0,False,0.0,0.0,0.0,0.0
506,SKIPPED,0.0,False,0.0,0.0,0.0,0.0
507,PANIC_EXIT,-0.08888703424578165,True,0.0,0.0,0.0,0.0
508,SKIPPED,0.0,False,0.0,0.0,0.0,0.0
509,PANIC_EXIT,0.22909557139239778,True,0.0,0.0,0.0,0.0
510,SKIPPED,0.0,False,0.0,0.0,0.0,0.0
511,HEDGED,0.21836154880312275,False,0.2810367373229443,0.6097824882754943,0.8908192255984386,1.7816384511968772
512,SKIPPED,0.0,False,0.0,0.0,0.0,0.0
513,SKIPPED,0.0,False,0.0,0.0,0.0,0.0
514,PANIC_EXIT,-0.2528874336226558,True,0.0,0.0,0.0,0.0
515,SKIPPED,0.0,False,0.0,0.0,0.0,0.0
516,HEDGED,0.2591051992343003,False,0.16163785491891056,0.7088095454639393,0.8704474003828498,1.7408948007656997
517,HEDGED,0.3742542040500625,False,0.27584355089432844,0.5370293470806403,0.8128728979749688,1.6257457959499375
518,PANIC_EXIT,-0.26863824597260966,True,0.0,0.0,0.0,0.0
519,HEDGED,0.2831996239091714,False,0.26943084992978905,0.5889693381156252,0.8584001880454143,1.7168003760908286
520,SKIPPED,0.0,False,0.0,0.0,0.0,0.0
521,PANIC_EXIT,0.01120618022095643,True,0.0,0.0,0.0,0.0
522,PANIC_EXIT,-0.18683698922459235,True,0.0,0.0,0.0,0.0
523,SKIPPED,0.0,False,0.0,0.0,0.0,0.0
524,SKIPPED,0.0,False,0.0,0.0,0.0,0.0
525,SKIPPED,0.0,False,0.0,0.0,0.0,0.0
526,PANIC_EXIT,0.12871563460316437,True,0.0,0.0,0.0,0.0
527,SKIPPED,0.0,False,0.0,0.0,0.0,0.0
528,PANIC_EXIT,-0.0006023345993442231,True,0.0,0.0,0.0,0.0
529,HEDGED,0.33204597264949354,False,0.6973710974590622,0.13660591621619098,0.8339770136752532,1.6679540273505065
530,HEDGED,0.2655665200451214,False,0.6404198314111885,0.22679690856625076,0.8672167399774393,1.7344334799548786
531,HEDGED,0.4233819121989397,False,0.5857560147373672,0.20255302916316298,0.7883090439005301,1.5766180878010603
532,SKIPPED,0.0,False,0.0,0.0,0.0,0.0
533,SKIPPED,0.0,False,0.0,0.0,0.0,0.0
534,SKIPPED,0.0,False,0.0,0.0,0.0,0.0
535,SKIPPED,0.0,False,0.0,0.0,0.0,0.0
536,SKIPPED,0.0,False,0.0,0.0,0.0,0.0
537,HEDGED,0.340203105181891,False,0.5829891414089095,0.246909306000145,0.8298984474090545,1.659796894818109
538,HEDGED,0.25412659930095227,False,0.5969771326587608,0.275959567690763,0.8729367003495239,1.7458734006990477
539,SKIPPED,0.0,False,0.0,0.0,0.0,0.0
540,HEDGED,0.2796240568085817,False,0.6388134954733862,0.22137447612232294,0.8601879715957091,1.7203759431914183
541,HEDGED,0.32736319203507835,False,0.6300895241666558,0.2062288798158051,0.8363184039824608,1.6726368079649216
542,SKIPPED,0.0,False,0.0,0.0,0.0,0.0
543,SKIPPED,0.0,False,0.0,0.0,0.0,0.0
544,SKIPPED,0.0,False,0.0,0.0,0.0,0.0
545,HEDGED,0.29619927790936984,False,0.25626178214423756,0.5956385789010775,0.8519003610453151,1.7038007220906302
546,HEDGED,0.2563378299270904,False,0.17765137350537463,0.6941797115310802,0.8718310850364548,1.7436621700729096
547,SKIPPED,0.0,False,0.0,0.0,0.0,0.0
548,PANIC_EXIT,-0.2508876350698061,True,0.0,0.0,0.0,0.0
549,SKIPPED,0.0,False,0.0,0.0,0.0,0.0
550,SKIPPED,0.0,False,0.0,0.0,0.0,0.0
551,PANIC_EXIT,-0.17505066492989613,True,0.0,0.0,0.0,0.0
552,SKIPPED,0.0,False,0.0,0.0,0.0,0.0
553,HEDGED,0.2712207843545982,False,0.2898494029643075,0.5745402048583934,0.8643896078227009,1.7287792156454018
554,HEDGED,0.3998700536968083,False,0.23460223158952043,0.5654627415620754,0.8000649731515959,1.6001299463031917
555,SKIPPED,0.0,False,0.0,0.0,0.0,0.0
556,SKIPPED,0.0,False,0.0,0.0,0.0,0.0
557,SKIPPED,0.0,False,0.0,0.0,0.0,0.0
558,HEDGED,0.35935863652551614,False,0.23333659213790536,0.5869840895993366,0.8203206817372419,1.6406413634744839
559,SKIPPED,0.0,False,0.0,0.0,0.0,0.0
560,SKIPPED,0.0,False,0.0,0.0,0.0,0.0
561,SKIPPED,0.0,False,0.0,0.0,0.0,0.0
562,SKIPPED,0.0,False,0.0,0.0,0.0,0.0
563,HEDGED,0.3810270864351697,False,0.2103951982658689,0.5990912585165462,0.8094864567824152,1.6189729135648303
564,HEDGED,0.2705064388762475,False,0.2253436155104369,0.6394031650514393,0.8647467805618763,1.7294935611237525
565,HEDGED,0.39500394324424404,False,0.5662767369207208,0.23622129145715726,0.802498028377878,1.604996056755756
566,SKIPPED,0.0,False,0.0,0.0,0.0,0.0
567,SKIPPED,0.0,False,0.0,0.0,0.0,0.0
568,HEDGED,0.28998139836173253,False,0.2735245066242056,0.5814847941949282,0.8550093008191337,1.7100186016382675
569,SKIPPED,0.0,False,0.0,0.0,0.0,0.0
570,HEDGED,0.28479530918427143,False,0.22024894572465403,0.6373533996832103,0.8576023454078643,1.7152046908157286
571,SKIPPED,0.0,False,0.0,0.0,0.0,0.0
572,PANIC_EXIT,-0.32483108459533605,True,0.0,0.0,0.0,0.0
573,SKIPPED,0.0,False,0.0,0.0,0.0,0.0
574,SKIPPED,0.0,False,0.0,0.0,0.0,0.0
575,PANIC_EXIT,-0.3022882246687445,True,0.0,0.0,0.0,0.0
576,SKIPPED,0.0,False,0.0,0.0,0.0,0.0
577,HEDGED,0.2962623153708086,False,0.10917841826035934,0.7426904240542364,0.8518688423145957,1.7037376846291914
578,HEDGED,0.2916207177674046,False,0.19514697224726182,0.6590426688690358,0.8541896411162977,1.7083792822325954
579,HEDGED,0.29954620696743817,False,0.6463036862295314,0.2039232102867496,0.8502268965162809,1.7004537930325618
580,HEDGED,0.2903191152624731,False,0.15972643464201927,0.6951140077267441,0.8548404423687634,1.7096808847375269
581,SKIPPED,0.0,False,0.0,0.0,0.0,0.0
582,SKIPPED,0.0,False,0.0,0.0,0.0,0.0
583,HEDGED,0.25985499314333227,False,0.27851805019032466,0.5915544532380091,0.8700725034283339,1.7401450068566677
584,HEDGED,0.30075458543514255,False,0.12289075109359467,0.726731956188834,0.8496227072824287,1.6992454145648574
585,SKIPPED,0.0,False,0.0,0.0,0.0,0.0
586,PANIC_EXIT,0.06078963111959634,True,0.0,0.0,0.0,0.0
587,SKIPPED,0.0,False,0.0,0.0,0.0,0.0
588,SKIPPED,0.0,False,0.0,0.0,0.0,0.0
589,HEDGED,0.3654409124662119,False,0.6036561191871974,0.21362342457969657,0.817279543766894,1.634559087533788
590,HEDGED,0.2880803388262312,False,0.5992760108009902,0.25668381978589416,0.8559598305868844,1.7119196611737688
591,SKIPPED,0.0,False,0.0,0.0,0.0,0.0
592,SKIPPED,0.0,False,0.0,0.0,0.0,0.0
593,HEDGED,0.23313426516297442,False,0.15207264954383704,0.7313602178746758,0.8834328674185128,1.7668657348370256
594,SKIPPED,0.0,False,0.0,0.0,0.0,0.0
595,HEDGED,0.37093260861925037,False,0.5421600186025911,0.2723736770877837,0.8145336956903748,1.6290673913807496
596,HEDGED,0.2644218100854694,False,0.6104907997082479,0.2572982952490174,0.8677890949572653,1.7355781899145306
597,SKIPPED,0.0,False,0.0,0.0,0.0,0.0
598,HEDGED,0.40609363122746345,False,0.2404289222972134,0.5565242620890549,0.7969531843862683,1.5939063687725366
599,SKIPPED,0.0,False,0.0,0.0,0.0,0.0
600,PANIC_EXIT,-0.23207044872966395,True,0.0,0.0,0.0,0.0
601,PANIC_EXIT,-0.09508385035576972,True,0.0,0.0,0.0,0.0
602,SKIPPED,0.0,False,0.0,0.0,0.0,0.0
603,SKIPPED,0.0,False,0.0,0.0,0.0,0.0
604,SKIPPED,0.0,False,0.0,0.0,0.0,0.0
605,SKIPPED,0.0,False,0.0,0.0,0.0,0.0
606,HEDGED,0.4110094223762639,False,0.5963696632503566,0.19812562556151145,0.794495288811868,1.588990577623736
607,SKIPPED,0.0,False,0.0,0.0,0.0,0.0
608,PANIC_EXIT,0.17560314671660515,True,0.0,0.0,0.0,0.0
609,HEDGED,0.3809254711905543,False,0.1940747184463696,0.6154625459583533,0.8095372644047228,1.6190745288094457
610,SKIPPED,0.0,False,0.0,0.0,0.0,0.0
611,SKIPPED,0.0,False,0.0,0.0,0.0,0.0
612,PANIC_EXIT,-0.36966200476892946,True,0.0,0.0,0.0,0.0
613,SKIPPED,0.0,False,0.0,0.0,0.0,0.0
614,HEDGED,0.4690529547770512,False,0.6854613430799547,0.08001217953151969,0.7654735226114744,1.5309470452229488
615,SKIPPED,0.0,False,0.0,0.0,0.0,0.0
616,HEDGED,0.263354831281867,False,0.638290618843195,0.23003196551587143,0.8683225843590665,1.736645168718133
617,HEDGED,0.37779733812325533,False,0.21085345392569138,0.6002478770126809,0.8111013309383723,1.6222026618767447
618,HEDGED,0.22374770376043496,False,0.20868031135841958,0.6794458367613629,0.8881261481197825,1.776252296239565
619,SKIPPED,0.0,False,0.0,0.0,0.0,0.0
620,PANIC_EXIT,0.10652872476123398,True,0.0,0.0,0.0,0.0
621,PANIC_EXIT,-0.34274564111889055,True,0.0,0.0,0.0,0.0
622,HEDGED,0.34390737852063724,False,0.5826026624541525,0.24544364828552895,0.8280463107396814,1.6560926214793628
623,HEDGED,0.5315349633128488,False,0.5232406837800848,0.21099183456349074,0.7342325183435756,1.4684650366871512
624,SKIPPED,0.0,False,0.0,0.0,0.0,0.0
625,SKIPPED,0.0,False,0.0,0.0,0.0,0.0
626,HEDGED,0.2480453139188179,False,0.04809943965709246,0.8278779033834986,0.875977343040591,1.751954686081182
627,HEDGED,0.3670268832920256,False,0.6149160680926833,0.20157049026130394,0.8164865583539872,1.6329731167079744
628,SKIPPED,0.0,False,0.0,0.0,0.0,0.0
629,HEDGED,0.32028223296261715,False,0.5494392131341901,0.29041967038450134,0.8398588835186914,1.6797177670373828
630,PANIC_EXIT,-0.04639357400209698,True,0.0,0.0,0.0,0.0
631,SKIPPED,0.0,False,0.0,0.0,0.0,0.0
632,SKIPPED,0.0,False,0.0,0.0,0.0,0.0
633,SKIPPED,0.0,False,0.0,0.0,0.0,0.0
634,HEDGED,0.36122842147606793,False,0.6398687861910707,0.1795170030708954,0.819385789261966,1.638771578523932
635,PANIC_EXIT,-0.0008153186753561692,True,0.0,0.0,0.0,0.0
636,HEDGED,0.24540877960636687,False,0.1789065472864907,0.6983890629103259,0.8772956101968166,1.7545912203936331
637,HEDGED,0.25815648063961083,False,0.6391920712509968,0.23172968842919783,0.8709217596801946,1.7418435193603892
638,SKIPPED,0.0,False,0.0,0.0,0.0,0.0
639,HEDGED,0.28646147536561495,False,0.2624189885164688,0.5943502738007238,0.8567692623171925,1.713538524634385
640,SKIPPED,0.0,False,0.0,0.0,0.0,0.0
641,PANIC_EXIT,0.002137003491885725,True,0.0,0.0,0.0,0.0
642,PANIC_EXIT,-0.4110585856926532,True,0.0,0.0,0.0,0.0
643,PANIC_EXIT,0.12632922358555743,True,0.0,0.0,0.0,0.0
644,SKIPPED,0.0,False,0.0,0.0,0.0,0.0
645,HEDGED,0.527685146233551,False,0.23687213649319339,0.49928529039003106,0.7361574268832245,1.472314853766449
646,SKIPPED,0.0,False,0.0,0.0,0.0,0.0
647,HEDGED,0.32170028598033107,False,0.03776753491039976,0.8013823220994347,0.8391498570098345,1.678299714019669
648,HEDGED,0.40154422798942524,False,0.5576340235348041,0.2415938624704833,0.7992278860052874,1.5984557720105748
649,SKIPPED,0.0,False,0.0,0.0,0.0,0.0
650,PANIC_EXIT,0.17005214620957354,True,0.0,0.0,0.0,0.0
651,SKIPPED,0.0,False,0.0,0.0,0.0,0.0
652,SKIPPED,0.0,False,0.0,0.0,0.0,0.0
653,PANIC_EXIT,-0.22373154636680226,True,0.0,0.0,0.0,0.0
654,PANIC_EXIT,0.3147569247615236,True,0.0,0.0,0.0,0.0
655,SKIPPED,0.0,False,0.0,0.0,0.0,0.0
656,SKIPPED,0.0,False,0.0,0.0,0.0,0.0
657,PANIC_EXIT,0.0421219594963006,True,0.0,0.0,0.0,0.0
658,SKIPPED,0.0,False,0.0,0.0,0.0,0.0
659,HEDGED,0.26444781349989577,False,0.17689839996658197,0.6908776932834702,0.8677760932500521,1.7355521865001042
660,PANIC_EXIT,0.23000892316694538,True,0.0,0.0,0.0,0.0
661,HEDGED,0.38864746037954134,False,0.25256370729194805,0.5531125625182813,0.8056762698102293,1.6113525396204587
662,HEDGED,0.3212883372800779,False,0.2679464048169734,0.5714094265429877,0.8393558313599611,1.6787116627199221
663,HEDGED,0.3422141604756175,False,0.14156355727289135,0.6873293624892999,0.8288929197621913,1.6577858395243825
664,PANIC_EXIT,-0.1977493828975765,True,0.0,0.0,0.0,0.0
665,SKIPPED,0.0,False,0.0,0.0,0.0,0.0
666,HEDGED,0.3928377685889115,False,0.21664393534935955,0.5869371803561847,0.8035811157055442,1.6071622314110885
667,SKIPPED,0.0,False,0.0,0.0,0.0,0.0
668,HEDGED,0.31894259704454386,False,0.19371754882876815,0.6468111526489599,0.8405287014777281,1.6810574029554561
669,HEDGED,0.3297263636801644,False,0.2913155003024639,0.5438213178574539,0.8351368181599178,1.6702736363198356
670,HEDGED,0.2594860304386202,False,0.797798466279249,0.0724585185014409,0.8702569847806899,1.7405139695613798
671,HEDGED,0.3855258377932427,False,0.5251737986528322,0.2820632824505465,0.8072370811033787,1.6144741622067573
672,HEDGED,0.22832608747746397,False,0.8014564384978431,0.0843805177634249,0.885836956261268,1.771673912522536
673,SKIPPED,0.0,False,0.0,0.0,0.0,0.0
674,SKIPPED,0.0,False,0.0,0.0,0.0,0.0
675,HEDGED,0.3204202068936086,False,0.5910272249141637,0.24876267163903198,0.8397898965531957,1.6795797931063914
676,HEDGED,0.33505259160873613,False,0.22132477792114316,0.6111489262744888,0.8324737041956319,1.6649474083912639
677,PANIC_EXIT,-0.13675158859749464,True,0.0,0.0,0.0,0.0
678,PANIC_EXIT,0.0349311247076059,True,0.0,0.0,0.0,0.0
679,SKIPPED,0.0,False,0.0,0.0,0.0,0.0
680,HEDGED,0.38361181154999535,False,0.5405391237953324,0.26765497042966996,0.8081940942250023,1.6163881884500046
681,PANIC_EXIT,-0.04172872110817483,True,0.0,0.0,0.0,0.0
682,HEDGED,0.35444279818799806,False,0.6249263137489988,0.19785228715700218,0.822778600906001,1.645557201812002
683,HEDGED,0.23941749939312573,False,0.27244303109063683,0.6078482192128003,0.8802912503034371,1.7605825006068743
684,SKIPPED,0.0,False,0.0,0.0,0.0,0.0
685,SKIPPED,0.0,False,0.0,0.0,0.0,0.0
686,PANIC_EXIT,0.04692693846219176,True,0.0,0.0,0.0,0.0
687,SKIPPED,0.0,False,0.0,0.0,0.0,0.0
688,PANIC_EXIT,-0.11472498939944781,True,0.0,0.0,0.0,0.0
689,HEDGED,0.3199418886572365,False,0.21636153131817237,0.6236675243532094,0.8400290556713818,1.6800581113427635
690,HEDGED,0.364324537642434,False,0.18953686074504683,0.6283008704337362,0.817837731178783,1.635675462357566
691,PANIC_EXIT,0.18829065586649069,True,0.0,0.0,0.0,0.0
692,SKIPPED,0.0,False,0.0,0.0,0.0,0.0
693,SKIPPED,0.0,False,0.0,0.0,0.0,0.0
694,SKIPPED,0.0,False,0.0,0.0,0.0,0.0
695,SKIPPED,0.0,False,0.0,0.0,0.0,0.0
696,PANIC_EXIT,0.22680180494958546,True,0.0,0.0,0.0,0.0
697,SKIPPED,0.0,False,0.0,0.0,0.0,0.0
698,PANIC_EXIT,-0.22862823430735296,True,0.0,0.0,0.0,0.0
699,PANIC_EXIT,0.14727247730388215,True,0.0,0.0,0.0,0.0
700,SKIPPED,0.0,False,0.0,0.0,0.0,0.0
701,HEDGED,0.3565453276230133,False,0.22942005398569656,0.5923072822027968,0.8217273361884934,1.6434546723769867
702,HEDGED,0.3150292679650195,False,0.584456371366473,0.2580289946510173,0.8424853660174902,1.6849707320349805
703,SKIPPED,0.0,False,0.0,0.0,0.0,0.0
704,PANIC_EXIT,-0.41413564227709654,True,0.0,0.0,0.0,0.0
705,HEDGED,0.38230181481096426,False,0.24855898720357203,0.5602901053909458,0.8088490925945179,1.6176981851890357
706,HEDGED,0.36266488165353583,False,0.2387135947903546,0.5799539643828775,0.8186675591732321,1.6373351183464642
707,SKIPPED,0.0,False,0.0,0.0,0.0,0.0
708,SKIPPED,0.0,False,0.0,0.0,0.0,0.0
709,SKIPPED,0.0,False,0.0,0.0,0.0,0.0
710,SKIPPED,0.0,False,0.0,0.0,0.0,0.0
711,SKIPPED,0.0,False,0.0,0.0,0.0,0.0
712,HEDGED,0.3942052668598637,False,0.6548263241466892,0.14807104242337898,0.8028973665700682,1.6057947331401363
713,SKIPPED,0.0,False,0.0,0.0,0.0,0.0
714,PANIC_EXIT,-0.008097485610510491,True,0.0,0.0,0.0,0.0
715,PANIC_EXIT,0.08968916608182209,True,0.0,0.0,0.0,0.0
716,HEDGED,0.3654169355180805,False,0.6829638804633239,0.1343276517776359,0.8172915322409597,1.6345830644819195
717,HEDGED,0.37098245766705773,False,0.5269328552869917,0.2875759158794794,0.8145087711664711,1.6290175423329423
718,SKIPPED,0.0,False,0.0,0.0,0.0,0.0
719,SKIPPED,0.0,False,0.0,0.0,0.0,0.0
720,HEDGED,0.28038798305937807,False,0.2540712946354882,0.6057347138348228,0.859806008470311,1.719612016940622
721,SKIPPED,0.0,False,0.0,0.0,0.0,0.0
722,HEDGED,0.3414750718795183,False,0.1013872315064585,0.7278752325537824,0.8292624640602408,1.6585249281204817
723,SKIPPED,0.0,False,0.0,0.0,0.0,0.0
724,SKIPPED,0.0,False,0.0,0.0,0.0,0.0
725,HEDGED,0.41998107628151327,False,0.24454776600305198,0.5454616958561914,0.7900094618592434,1.5800189237184867
726,SKIPPED,0.0,False,0.0,0.0,0.0,0.0
727,HEDGED,0.35344444725626456,False,0.6367591256837472,0.18651865068812062,0.8232777763718677,1.6465555527437354
728,HEDGED,0.3815868431137335,False,0.5165755776816099,0.2926310007615233,0.8092065784431333,1.6184131568862665
729,SKIPPED,0.0,False,0.0,0.0,0.0,0.0
730,SKIPPED,0.0,False,0.0,0.0,0.0,0.0
731,HEDGED,0.3671002701182886,False,0.218140054926667,0.5983098100141887,0.8164498649408557,1.6328997298817114
732,HEDGED,0.23551243571496894,False,0.6580661151067774,0.22417766703573816,0.8822437821425155,1.764487564285031
733,SKIPPED,0.0,False,0.0,0.0,0.0,0.0
734,HEDGED,0.3066495321888483,False,0.6145861680600352,0.2320890658455407,0.8466752339055759,1.6933504678111517
735,SKIPPED,0.0,False,0.0,0.0,0.0,0.0
736,SKIPPED,0.0,False,0.0,0.0,0.0,0.0
737,SKIPPED,0.0,False,0.0,0.0,0.0,0.0
738,SKIPPED,0.0,False,0.0,0.0,0.0,0.0
739,SKIPPED,0.0,False,0.0,0.0,0.0,0.0
740,PANIC_EXIT,-0.15129727594847475,True,0.0,0.0,0.0,0.0
741,SKIPPED,0.0,False,0.0,0.0,0.0,0.0
742,SKIPPED,0.0,False,0.0,0.0,0.0,0.0
743,SKIPPED,0.0,False,0.0,0.0,0.0,0.0
744,HEDGED,0.4470620594333137,False,0.20281531044163542,0.5736536598417078,0.7764689702833432,1.5529379405666863
745,HEDGED,0.3814870057448758,False,0.23199606443301876,0.5772604326945433,0.8092564971275621,1.6185129942551242
746,SKIPPED,0.0,False,0.0,0.0,0.0,0.0
747,SKIPPED,0.0,False,0.0,0.0,0.0,0.0
748,HEDGED,0.42871209105432695,False,0.5662334422918892,0.2194105121809473,0.7856439544728365,1.571287908945673
749,SKIPPED,0.0,False,0.0,0.0,0.0,0.0
750,HEDGED,0.2518811838912809,False,0.5941918067864865,0.27986760126787297,0.8740594080543596,1.748118816108719
751,HEDGED,0.32211382851718473,False,0.5577745740579999,0.28116851168340773,0.8389430857414076,1.6778861714828153
752,HEDGED,0.36212094820034624,False,0.5796121354333523,0.23932739046647458,0.8189395258998269,1.6378790517996538
753,HEDGED,0.26378588312284124,False,0.6325252426666719,0.23558181577190748,0.8681070584385794,1.7362141168771588
754,HEDGED,0.347430758435203,False,0.6215166362882356,0.20476798449416286,0.8262846207823985,1.652569241564797
755,SKIPPED,0.0,False,0.0,0.0,0.0,0.0
756,HEDGED,0.6826887301376601,False,0.4836021984442962,0.1750534364868738,0.65865563493117,1.31731126986234
757,PANIC_EXIT,-0.17148378980262602,True,0.0,0.0,0.0,0.0
758,HEDGED,0.3446713964885153,False,0.5982382532908321,0.22942604846491027,0.8276643017557423,1.6553286035114847
759,SKIPPED,0.0,False,0.0,0.0,0.0,0.0
760,SKIPPED,0.0,False,0.0,0.0,0.0,0.0
761,SKIPPED,0.0,False,0.0,0.0,0.0,0.0
762,HEDGED,0.3956992741252736,False,0.1817208194318099,0.6204295435055532,0.8021503629373632,1.6043007258747264
763,HEDGED,0.24174924465973846,False,0.6540030902025706,0.22512228746756013,0.8791253776701308,1.7582507553402615
764,PANIC_EXIT,-0.03752168538002881,True,0.0,0.0,0.0,0.0
765,PANIC_EXIT,-0.30503252019895993,True,0.0,0.0,0.0,0.0
766,HEDGED,0.22880225922171737,False,0.6759277276045879,0.2096711427845535,0.8855988703891413,1.7711977407782826
767,PANIC_EXIT,-0.3099554464925899,True,0.0,0.0,0.0,0.0
768,HEDGED,0.35988648674226775,False,0.6110372062930761,0.20901955033579006,0.8200567566288661,1.6401135132577322
769,SKIPPED,0.0,False,0.0,0.0,0.0,0.0
770,PANIC_EXIT,-0.01006634270988127,True,0.0,0.0,0.0,0.0
771,HEDGED,0.5841887088259521,False,0.269819822087369,0.43808582349965497,0.707905645587024,1.415811291174048
772,PANIC_EXIT,-0.3384255923916683,True,0.0,0.0,0.0,0.0
773,HEDGED,0.44748452876608713,False,0.175252804060489,0.6010049315564675,0.7762577356169564,1.5525154712339129
774,SKIPPED,0.0,False,0.0,0.0,0.0,0.0
775,HEDGED,0.3066792374040579,False,0.22305049033630586,0.6236098909616652,0.846660381297971,1.693320762595942
776,PANIC_EXIT,0.11745242752659829,True,0.0,0.0,0.0,0.0
777,HEDGED,0.46367432613284354,False,0.2471739558627813,0.5209888810707969,0.7681628369335782,1.5363256738671565
778,HEDGED,0.31212873406775943,False,0.5527698379546916,0.29116579501142864,0.8439356329661203,1.6878712659322406
779,HEDGED,0.2610681256049412,False,0.2590381316565964,0.610427805540933,0.8694659371975294,1.7389318743950588
780,SKIPPED,0.0,False,0.0,0.0,0.0,0.0
781,PANIC_EXIT,-0.06322263448395249,True,0.0,0.0,0.0,0.0
782,SKIPPED,0.0,False,0.0,0.0,0.0,0.0
783,HEDGED,0.2637367609889605,False,0.2514171495214327,0.6167144699840871,0.8681316195055198,1.7362632390110395
784,HEDGED,0.4149772498336768,False,0.5626985139097512,0.22981286117341043,0.7925113750831616,1.5850227501663232
785,PANIC_EXIT,-0.020406348796504298,True,0.0,0.0,0.0,0.0
786,SKIPPED,0.0,False,0.0,0.0,0.0,0.0
787,HEDGED,0.47409337478114155,False,0.22454724516080352,0.5384060674486257,0.7629533126094292,1.5259066252188584
788,SKIPPED,0.0,False,0.0,0.0,0.0,0.0
789,SKIPPED,0.0,False,0.0,0.0,0.0,0.0
790,HEDGED,0.45643627942682174,False,0.21924546416942822,0.5525363961171609,0.7717818602865891,1.5435637205731783
791,HEDGED,0.32635718401152447,False,0.5776469278762393,0.2591744801179985,0.8368214079942378,1.6736428159884755
792,HEDGED,0.3124509565790494,False,0.6754437494979153,0.16833077221255996,0.8437745217104753,1.6875490434209506
793,PANIC_EXIT,-0.23326452294354774,True,0.0,0.0,0.0,0.0
794,HEDGED,0.242894371655626,False,0.21219535525288483,0.6663574589193022,0.878552814172187,1.757105628344374
795,SKIPPED,0.0,False,0.0,0.0,0.0,0.0
796,PANIC_EXIT,-0.0313456310067291,True,0.0,0.0,0.0,0.0
797,PANIC_EXIT,0.024355486900704104,True,0.0,0.0,0.0,0.0
798,HEDGED,0.23494779485454265,False,0.19992146628827123,0.6826046362844574,0.8825261025727287,1.7650522051454574
799,SKIPPED,0.0,False,0.0,0.0,0.0,0.0
800,SKIPPED,0.0,False,0.0,0.0,0.0,0.0
801,SKIPPED,0.0,False,0.0,0.0,0.0,0.0
802,HEDGED,0.21687466606842376,False,0.6757293657715314,0.21583330119425673,0.8915626669657881,1.7831253339315762
803,SKIPPED,0.0,False,0.0,0.0,0.0,0.0
804,HEDGED,0.5811020887102547,False,0.2011621343332844,0.5082868213115882,0.7094489556448726,1.4188979112897453
805,PANIC_EXIT,-0.22835597928670243,True,0.0,0.0,0.0,0.0
806,SKIPPED,0.0,False,0.0,0.0,0.0,0.0
807,PANIC_EXIT,0.316563250776268,True,0.0,0.0,0.0,0.0
808,SKIPPED,0.0,False,0.0,0.0,0.0,0.0
809,PANIC_EXIT,0.18045638279051912,True,0.0,0.0,0.0,0.0
810,SKIPPED,0.0,False,0.0,0.0,0.0,0.0
811,SKIPPED,0.0,False,0.0,0.0,0.0,0.0
812,PANIC_EXIT,-0.34928877310985734,True,0.0,0.0,0.0,0.0
813,HEDGED,0.35353269748173854,False,0.21297052691930288,0.6102631243398279,0.8232336512591307,1.6464673025182615
814,HEDGED,0.6643667132683881,False,0.41943006029500063,0.24838658307080536,0.6678166433658059,1.3356332867316119
815,SKIPPED,0.0,False,0.0,0.0,0.0,0.0
816,HEDGED,0.30646193056640936,False,0.27811734243622516,0.5686516922805702,0.8467690347167953,1.6935380694335906
817,SKIPPED,0.0,False,0.0,0.0,0.0,0.0
818,PANIC_EXIT,-0.3822262823888908,True,0.0,0.0,0.0,0.0
819,PANIC_EXIT,0.1787320178037673,True,0.0,0.0,0.0,0.0
820,SKIPPED,0.0,False,0.0,0.0,0.0,0.0
821,PANIC_EXIT,-0.28315304459472046,True,0.0,0.0,0.0,0.0
822,SKIPPED,0.0,False,0.0,0.0,0.0,0.0
823,SKIPPED,0.0,False,0.0,0.0,0.0,0.0
824,HEDGED,0.23523485869880556,False,0.6052613419001379,0.27712122875045925,0.8823825706505972,1.7647651413011944
825,SKIPPED,0.0,False,0.0,0.0,0.0,0.0
826,SKIPPED,0.0,False,0.0,0.0,0.0,0.0
827,SKIPPED,0.0,False,0.0,0.0,0.0,0.0
828,SKIPPED,0.0,False,0.0,0.0,0.0,0.0
829,SKIPPED,0.0,False,0.0,0.0,0.0,0.0
830,HEDGED,0.2838588478939723,False,0.1493678672954391,0.7087027087575747,0.8580705760530138,1.7161411521060277
831,HEDGED,0.27358704266569367,False,0.5909188571419266,0.27228762152522656,0.8632064786671532,1.7264129573343063
832,PANIC_EXIT,-0.4019384136503801,True,0.0,0.0,0.0,0.0
833,HEDGED,0.4109155309378525,False,0.0819733444934558,0.7125688900376179,0.7945422345310738,1.5890844690621475
834,SKIPPED,0.0,False,0.0,0.0,0.0,0.0
835,SKIPPED,0.0,False,0.0,0.0,0.0,0.0
836,SKIPPED,0.0,False,0.0,0.0,0.0,0.0
837,SKIPPED,0.0,False,0.0,0.0,0.0,0.0
838,HEDGED,0.23103520280274914,False,0.24638625122318433,0.6380961473754411,0.8844823985986254,1.7689647971972509
839,HEDGED,0.396111688489039,False,0.5357621234546311,0.2661820323008494,0.8019441557554805,1.603888311510961
840,SKIPPED,0.0,False,0.0,0.0,0.0,0.0
841,SKIPPED,0.0,False,0.0,0.0,0.0,0.0
842,PANIC_EXIT,-0.39936570967000873,True,0.0,0.0,0.0,0.0
843,HEDGED,0.21584217861191868,False,0.27974338609035554,0.6123355246036851,0.8920789106940407,1.7841578213880813
844,HEDGED,0.305384705670251,False,0.6759532747671925,0.171354372397682,0.8473076471648745,1.694615294329749
845,SKIPPED,0.0,False,0.0,0.0,0.0,0.0
846,SKIPPED,0.0,False,0.0,0.0,0.0,0.0
847,HEDGED,0.5514977092807698,False,0.46676568761616755,0.25748545774344755,0.7242511453596151,1.4485022907192302
848,SKIPPED,0.0,False,0.0,0.0,0.0,0.0
849,HEDGED,0.301823842143492,False,0.1540054047027198,0.6950826742255342,0.849088078928254,1.698176157856508
850,PANIC_EXIT,0.01422024210707229,True,0.0,0.0,0.0,0.0
851,SKIPPED,0.0,False,0.0,0.0,0.0,0.0
852,PANIC_EXIT,-0.05533580761218748,True,0.0,0.0,0.0,0.0
853,SKIPPED,0.0,False,0.0,0.0,0.0,0.0
854,SKIPPED,0.0,False,0.0,0.0,0.0,0.0
855,SKIPPED,0.0,False,0.0,0.0,0.0,0.0
856,HEDGED,0.3754941535737588,False,0.6584522756231773,0.15380064758994322,0.8122529232131206,1.6245058464262412
857,SKIPPED,0.0,False,0.0,0.0,0.0,0.0
858,SKIPPED,0.0,False,0.0,0.0,0.0,0.0
859,PANIC_EXIT,0.2836915697037694,True,0.0,0.0,0.0,0.0
860,SKIPPED,0.0,False,0.0,0.0,0.0,0.0
861,HEDGED,0.4352075241724822,False,0.6019849772611177,0.18041126065264124,0.7823962379137589,1.5647924758275178
862,SKIPPED,0.0,False,0.0,0.0,0.0,0.0
863,HEDGED,0.6684912874292563,False,0.045603225700728556,0.6201511305846433,0.6657543562853718,1.3315087125707437
864,SKIPPED,0.0,False,0.0,0.0,0.0,0.0
865,SKIPPED,0.0,False,0.0,0.0,0.0,0.0
866,SKIPPED,0.0,False,0.0,0.0,0.0,0.0
867,HEDGED,0.2944755149183389,False,0.7258966711566907,0.12686557138413987,0.8527622425408306,1.705524485081661
868,PANIC_EXIT,0.0010838045127288254,True,0.0,0.0,0.0,0.0
869,SKIPPED,0.0,False,0.0,0.0,0.0,0.0
870,HEDGED,0.2619388214975633,False,0.6770725719192792,0.19195801733193918,0.8690305892512183,1.7380611785024367
871,SKIPPED,0.0,False,0.0,0.0,0.0,0.0
872,HEDGED,0.25862321907320185,False,0.21917917275548998,0.651509217707909,0.8706883904633991,1.7413767809267982
873,HEDGED,0.5986335759992547,False,0.424886698283224,0.27579651371714864,0.7006832120003726,1.4013664240007453
874,HEDGED,0.35424909348342837,False,0.2777058527887362,0.5451696004695497,0.8228754532582858,1.6457509065165716
875,PANIC_EXIT,-0.22027638468870742,True,0.0,0.0,0.0,0.0
876,HEDGED,0.2549091355273889,False,0.21624664165389823,0.6562987905824074,0.8725454322363055,1.745090864472611
877,PANIC_EXIT,-0.1263461307533137,True,0.0,0.0,0.0,0.0
878,SKIPPED,0.0,False,0.0,0.0,0.0,0.0
879,SKIPPED,0.0,False,0.0,0.0,0.0,0.0
880,PANIC_EXIT,0.19406623181730476,True,0.0,0.0,0.0,0.0
881,SKIPPED,0.0,False,0.0,0.0,0.0,0.0
882,PANIC_EXIT,-0.2541979663280807,True,0.0,0.0,0.0,0.0
883,PANIC_EXIT,0.24762147776015364,True,0.0,0.0,0.0,0.0
884,HEDGED,0.22952279412780974,False,0.21370603865344084,0.6715325642826543,0.8852386029360951,1.7704772058721903
885,PANIC_EXIT,0.24492170104504885,True,0.0,0.0,0.0,0.0
886,HEDGED,0.35155599697366124,False,0.27531907364493535,0.548902927868234,0.8242220015131694,1.6484440030263388
887,SKIPPED,0.0,False,0.0,0.0,0.0,0.0
888,PANIC_EXIT,0.04423207009416874,True,0.0,0.0,0.0,0.0
889,PANIC_EXIT,0.04985097505564645,True,0.0,0.0,0.0,0.0
890,PANIC_EXIT,-0.3687019476457924,True,0.0,0.0,0.0,0.0
891,SKIPPED,0.0,False,0.0,0.0,0.0,0.0
892,HEDGED,0.4662379523505411,False,0.7319892660714826,0.034891757753246766,0.7668810238247294,1.533762047649459
893,SKIPPED,0.0,False,0.0,0.0,0.0,0.0
894,SKIPPED,0.0,False,0.0,0.0,0.0,0.0
895,SKIPPED,0.0,False,0.0,0.0,0.0,0.0
896,SKIPPED,0.0,False,0.0,0.0,0.0,0.0
897,HEDGED,0.3711004651258023,False,0.1687377316423686,0.6457120357947302,0.8144497674370988,1.6288995348741977
898,PANIC_EXIT,0.20440198510885427,True,0.0,0.0,0.0,0.0
899,SKIPPED,0.0,False,0.0,0.0,0.0,0.0
900,SKIPPED,0.0,False,0.0,0.0,0.0,0.0
901,SKIPPED,0.0,False,0.0,0.0,0.0,0.0
902,SKIPPED,0.0,False,0.0,0.0,0.0,0.0
903,PANIC_EXIT,-0.2837478859851283,True,0.0,0.0,0.0,0.0
904,HEDGED,0.2116180699392325,False,0.655036934690084,0.2391540303402998,0.8941909650303838,1.7883819300607675
905,PANIC_EXIT,0.22500332121362535,True,0.0,0.0,0.0,0.0
906,SKIPPED,0.0,False,0.0,0.0,0.0,0.0
907,PANIC_EXIT,-0.3246283300976144,True,0.0,0.0,0.0,0.0
908,PANIC_EXIT,-0.06277772709322371,True,0.0,0.0,0.0,0.0
909,HEDGED,0.35287244540512797,False,0.2245833100880415,0.5989804672093945,0.823563777297436,1.647127554594872
910,SKIPPED,0.0,False,0.0,0.0,0.0,0.0
911,SKIPPED,0.0,False,0.0,0.0,0.0,0.0
912,PANIC_EXIT,0.014093038599031785,True,0.0,0.0,0.0,0.0
913,HEDGED,0.2605723464530496,False,0.28032923321740005,0.5893845935560751,0.8697138267734752,1.7394276535469504
914,SKIPPED,0.0,False,0.0,0.0,0.0,0.0
915,SKIPPED,0.0,False,0.0,0.0,0.0,0.0
916,PANIC_EXIT,-0.4568578641893028,True,0.0,0.0,0.0,0.0
917,SKIPPED,0.0,False,0.0,0.0,0.0,0.0
918,HEDGED,0.26909929016526357,False,0.6288401281529727,0.23661022676439541,0.8654503549173682,1.7309007098347364
919,SKIPPED,0.0,False,0.0,0.0,0.0,0.0
920,HEDGED,0.3152188051671416,False,0.6559607011450805,0.1864298962713487,0.8423905974164292,1.6847811948328584
921,SKIPPED,0.0,False,0.0,0.0,0.0,0.0
922,PANIC_EXIT,0.1740637149908214,True,0.0,0.0,0.0,0.0
923,SKIPPED,0.0,False,0.0,0.0,0.0,0.0
924,SKIPPED,0.0,False,0.0,0.0,0.0,0.0
925,PANIC_EXIT,-0.2620812067668694,True,0.0,0.0,0.0,0.0
926,SKIPPED,0.0,False,0.0,0.0,0.0,0.0
927,SKIPPED,0.0,False,0.0,0.0,0.0,0.0
928,HEDGED,0.36785328689837526,False,0.6563943936072008,0.15967896294361159,0.8160733565508124,1.6321467131016247
929,HEDGED,0.23789760510927094,False,0.27086781388101555,0.610183383564349,0.8810511974453645,1.762102394890729
930,HEDGED,0.2728813145820239,False,0.1853680452383674,0.6781912974706207,0.863559342708988,1.727118685417976
931,HEDGED,0.39045112653632597,False,0.16326972497020023,0.6415047117616368,0.804774436731837,1.609548873463674
932,HEDGED,0.2692919749183891,False,0.6783536689137684,0.18700034362703716,0.8653540125408055,1.730708025081611
933,PANIC_EXIT,-0.45233513003763276,True,0.0,0.0,0.0,0.0
934,SKIPPED,0.0,False,0.0,0.0,0.0,0.0
935,PANIC_EXIT,0.03398576800313924,True,0.0,0.0,0.0,0.0
936,SKIPPED,0.0,False,0.0,0.0,0.0,0.0
937,PANIC_EXIT,-0.03282206024041301,True,0.0,0.0,0.0,0.0
938,PANIC_EXIT,-0.36761163505334415,True,0.0,0.0,0.0,0.0
939,SKIPPED,0.0,False,0.0,0.0,0.0,0.0
940,HEDGED,0.3991431245882069,False,0.5317202677603075,0.26870816994558916,0.8004284377058966,1.6008568754117931
941,HEDGED,0.3557420970408576,False,0.23101196628419307,0.5911169851953781,0.8221289514795712,1.6442579029591424
942,HEDGED,0.2295691215228095,False,0.12636078825340538,0.7588546509851899,0.8852154392385952,1.7704308784771905
943,SKIPPED,0.0,False,0.0,0.0,0.0,0.0
944,HEDGED,0.4508046064843583,False,0.6861627349869291,0.08843496177089175,0.7745976967578209,1.5491953935156417
945,SKIPPED,0.0,False,0.0,0.0,0.0,0.0
946,HEDGED,0.35596565701514526,False,0.6181174497434105,0.20389972174901685,0.8220171714924274,1.6440343429848547
947,SKIPPED,0.0,False,0.0,0.0,0.0,0.0
948,SKIPPED,0.0,False,0.0,0.0,0.0,0.0
949,SKIPPED,0.0,False,0.0,0.0,0.0,0.0
950,SKIPPED,0.0,False,0.0,0.0,0.0,0.0
951,HEDGED,0.3585572878873373,False,0.5384214171826658,0.2822999388736656,0.8207213560563313,1.6414427121126627
952,HEDGED,0.2811796358118641,False,0.5700926816860673,0.28931750040800064,0.8594101820940679,1.7188203641881359
953,SKIPPED,0.0,False,0.0,0.0,0.0,0.0
954,PANIC_EXIT,0.09630579640849746,True,0.0,0.0,0.0,0.0
955,HEDGED,0.34536370871920674,False,0.20085905941054832,0.6264590862298484,0.8273181456403966,1.6546362912807933
956,HEDGED,0.3175213004497812,False,0.17471800273997948,0.6665213470351299,0.8412393497751094,1.6824786995502188
957,SKIPPED,0.0,False,0.0,0.0,0.0,0.0
958,PANIC_EXIT,0.001805062717526118,True,0.0,0.0,0.0,0.0
959,SKIPPED,0.0,False,0.0,0.0,0.0,0.0
960,SKIPPED,0.0,False,0.0,0.0,0.0,0.0
961,HEDGED,0.2500644826698537,False,0.8232308784706618,0.0517368801944114,0.8749677586650731,1.7499355173301463
962,HEDGED,0.3713330102803911,False,0.6113617362143225,0.20297175864548195,0.8143334948598044,1.6286669897196089
963,HEDGED,0.26115437631727856,False,0.22919466637877722,0.6402281454625834,0.8694228118413607,1.7388456236827214
964,HEDGED,0.31827766579812966,False,0.7951011087242451,0.045760058376690116,0.8408611671009352,1.6817223342018703
965,SKIPPED,0.0,False,0.0,0.0,0.0,0.0
966,HEDGED,0.27086163215646586,False,0.1761517909290769,0.6884173929926902,0.8645691839217671,1.7291383678435341
967,SKIPPED,0.0,False,0.0,0.0,0.0,0.0
968,SKIPPED,0.0,False,0.0,0.0,0.0,0.0
969,SKIPPED,0.0,False,0.0,0.0,0.0,0.0
970,SKIPPED,0.0,False,0.0,0.0,0.0,0.0
971,HEDGED,0.3356132633677711,False,0.6219837238066939,0.21020964450942053,0.8321933683161145,1.664386736632229
972,SKIPPED,0.0,False,0.0,0.0,0.0,0.0
973,HEDGED,0.6274160744101844,False,0.25253077640936006,0.4337611863855477,0.6862919627949078,1.3725839255898156
974,HEDGED,0.36061707554268874,False,0.5718417205500265,0.24784974167862914,0.8196914622286556,1.6393829244573113
975,SKIPPED,0.0,False,0.0,0.0,0.0,0.0
976,SKIPPED,0.0,False,0.0,0.0,0.0,0.0
977,PANIC_EXIT,-0.004056406345953556,True,0.0,0.0,0.0,0.0
978,HEDGED,0.3945945526961736,False,0.2301042322018121,0.5725984914501011,0.8027027236519132,1.6054054473038264
979,PANIC_EXIT,0.19347353642048093,True,0.0,0.0,0.0,0.0
980,PANIC_EXIT,0.00482989182916671,True,0.0,0.0,0.0,0.0
981,HEDGED,0.3434113621152628,False,0.7019581749152058,0.1263361440271628,0.8282943189423686,1.6565886378847372
982,HEDGED,0.3623551035098065,False,0.6032013994604133,0.21562104878468347,0.8188224482450968,1.6376448964901935
983,SKIPPED,0.0,False,0.0,0.0,0.0,0.0
984,SKIPPED,0.0,False,0.0,0.0,0.0,0.0
985,HEDGED,0.3427023081254559,False,0.6615691393159568,0.16707970662131522,0.8286488459372721,1.6572976918745441
986,SKIPPED,0.0,False,0.0,0.0,0.0,0.0
987,SKIPPED,0.0,False,0.0,0.0,0.0,0.0
988,PANIC_EXIT,-0.4030441214171624,True,0.0,0.0,0.0,0.0
989,SKIPPED,0.0,False,0.0,0.0,0.0,0.0
990,HEDGED,0.5069069992967674,False,0.5288343497865144,0.2177121505651018,0.7465465003516163,1.4930930007032326
991,SKIPPED,0.0,False,0.0,0.0,0.0,0.0
992,PANIC_EXIT,-0.21435523783814073,True,0.0,0.0,0.0,0.0
993,SKIPPED,0.0,False,0.0,0.0,0.0,0.0
994,HEDGED,0.3505226456478412,False,0.2812211727867719,0.5435175043893076,0.8247386771760794,1.6494773543521588
995,SKIPPED,0.0,False,0.0,0.0,0.0,0.0
996,HEDGED,0.24554219266202093,False,0.2786348402347262,0.5985940634342634,0.8772289036689895,1.754457807337979
997,PANIC_EXIT,-0.191783887555652,True,0.0,0.0,0.0,0.0
998,HEDGED,0.35806056149153953,False,0.5577680306319809,0.2632016886222494,0.8209697192542302,1.6419394385084605
999,HEDGED,0.2609097750043412,False,0.2597238745011726,0.6098212379966568,0.8695451124978294,1.7390902249956588
